BARCODE,CoV_HKU1.LSS,CoV_OC43.LSS,D1.LSS,D2.LSS,D3.LSS,D4.LSS,H1_NC99.LSS,H1_MI15.LSS,H3_Perth.LSS,H3_HK68.LSS,H5_VN04.LSS,H7.LSS,H9.LSS,H10.LSS,RSV_A.LSS,RSV_B.LSS,MPV_A.LSS,MPV_B.LSS,PIV_3.LSS,BG505_sc.LSS,SARS-2.LSS,CoV_HKU1,CoV_OC43,D1,D2,D3,D4,H1_NC99,H1_MI15,H3_Perth,H3_HK68,H5_VN04,H7,H9,H10,RSV_A,RSV_B,MPV_A,MPV_B,PIV_3,BG505_sc,SARS-2,N,CDR3_IMGT.H
AACCATGCAGCTATTG,3.13972257941856,-5.17913258343033,-5.13640413612715,-5.06778290140279,-2.31086770450159,-2.44942237324831,-1.40941106286402,-0.0282995881058461,-1.01929215316594,-4.41668574012531,-1.70966642086912,-1.77374485640307,-3.76280145572674,-4.41555275875323,-2.2210685037252,0.643808212493513,-1.66794153148349,-1.531551804689,0.387299362223544,1.56495592094693,-0.707285923629618,2,0,0,0,0,0,0,1,0,0,0,0,0,0,0,1,0,0,1,500,16,1,ACTAGGGGAAAAAACTGTGATTACAATTGGGACTTCGAACAC
AACTGGTTCTGCTGTC,-3.10117229302126,-5.17913258343033,-5.13640413612715,-5.06778290140279,0.0547506491397705,0.330506646617445,-1.40941106286402,-1.06193861186977,-1.01929215316594,-4.41668574012531,-1.70966642086912,-1.77374485640307,-3.76280145572674,-4.41555275875323,1.06307282578886,-2.81069532037835,-1.66794153148349,-1.531551804689,0.295100078811917,2.03176598407299,-0.626173784095671,0,0,0,0,1,1,0,0,0,0,0,0,0,0,3,0,0,0,1,1294,21,1,ACTAGGGGAAAAAACTGTGATTACAATTGGGACTTCGAACAC
AATCGGTGTTAAGGGC,-3.10117229302126,-5.17913258343033,-5.13640413612715,-5.06778290140279,-2.31086770450159,0.836963833083247,0.473876645460721,-1.06193861186977,-1.01929215316594,-4.41668574012531,-1.70966642086912,-1.77374485640307,-3.76280145572674,-4.41555275875323,0.169353746615411,-2.81069532037835,0.141284236784563,0.230063520011168,0.161298421071249,1.83414752936988,-0.390047311743991,0,0,0,0,0,2,3,0,0,0,0,0,0,0,1,0,1,1,1,989,41,1,ACTAGGGGAAAAAACTGTGATTACAATTGGGACTTCGAACAC
ACACCCTCATGCTAGT,-3.10117229302126,-5.17913258343033,-5.13640413612715,-5.06778290140279,-2.31086770450159,0.988420567835075,-1.40941106286402,0.177667654247311,-1.01929215316594,-4.41668574012531,-1.70966642086912,-1.77374485640307,-3.76280145572674,-4.41555275875323,-2.2210685037252,-2.81069532037835,-1.66794153148349,-1.531551804689,-2.19869380105157,-0.831112785469556,-0.622043545744206,0,0,0,0,0,1,0,1,0,0,0,0,0,0,0,0,0,0,0,3,14,1,ACTAGGGGAAAAAACTGTGATTACAATTGGGACTTCGAACAC
ACACCGGCAGTAGAGC,-3.10117229302126,-5.17913258343033,-5.13640413612715,-5.06778290140279,-2.31086770450159,-2.44942237324831,0.0059319237172108,-0.0770987574243046,0.263255215811137,-4.41668574012531,-1.70966642086912,0.624750846326899,-3.76280145572674,-4.41555275875323,-2.2210685037252,-2.81069532037835,-1.66794153148349,-1.531551804689,0.81378272385137,2.00565783482956,-0.74037038292734,0,0,0,0,0,0,1,1,1,0,0,1,0,0,0,0,0,0,2,1238,16,1,ACTAGGGGAAAAAACTGTGATTACAATTGGGACTTCGAACAC
ACACCGGTCATTGCCC,0.833207532072273,-5.17913258343033,-5.13640413612715,-5.06778290140279,0.916107019900561,-2.44942237324831,-0.236010748048538,-0.274223942978096,-0.0068456073014186,-4.41668574012531,0.888419168103972,-1.77374485640307,-3.76280145572674,-4.41555275875323,1.6224395296254,0.0688257021527114,-0.0363026349019779,-1.531551804689,-0.109482631377476,1.94099188811125,-0.706401552835393,1,0,0,0,4,0,1,1,1,0,2,0,0,0,8,1,1,0,1,1491,24,1,ACTAGGGGAAAAAACTGTGATTACAATTGGGACTTCGAACAC
ACCAGTAGTGGTACAG,-3.10117229302126,-5.17913258343033,-5.13640413612715,-5.06778290140279,-2.31086770450159,-2.44942237324831,-1.40941106286402,0.251354414751163,0.357154867594253,-4.41668574012531,-1.70966642086912,0.784163055149495,-3.76280145572674,-4.41555275875323,-2.2210685037252,-2.81069532037835,-1.66794153148349,-1.531551804689,-2.19869380105157,1.49388812945591,-0.602071239231042,0,0,0,0,0,0,0,2,1,0,0,1,0,0,0,0,0,0,0,424,20,1,ACTAGGGGAAAAAACTGTGATTACAATTGGGACTTCGAACAC
ACGAGCCAGAAGCCCA,-3.10117229302126,-5.17913258343033,-5.13640413612715,-5.06778290140279,-2.31086770450159,1.20784966930966,-1.40941106286402,-1.06193861186977,-1.01929215316594,-4.41668574012531,0.927129115632805,-1.77374485640307,-3.76280145572674,-4.41555275875323,-2.2210685037252,-2.81069532037835,-1.66794153148349,-1.531551804689,-2.19869380105157,1.80490071225288,-0.686973021350041,0,0,0,0,0,2,0,0,0,0,1,0,0,0,0,0,0,0,0,750,16,1,ACTAGGGGAAAAAACTGTGATTACAATTGGGACTTCGAACAC
ACGAGGAGTTCCACAA,-3.10117229302126,-5.17913258343033,2.81908545940702,-5.06778290140279,-2.31086770450159,-2.44942237324831,0.170871052815246,-1.06193861186977,0.447390549225912,-4.41668574012531,-1.70966642086912,-1.77374485640307,-3.76280145572674,-4.41555275875323,-2.2210685037252,0.8439136818705,-1.66794153148349,-1.531551804689,-2.19869380105157,0.331111684528448,-0.624418791182999,0,0,1,0,0,0,1,0,1,0,0,0,0,0,0,1,0,0,0,42,17,1,ACTAGGGGAAAAAACTGTGATTACAATTGGGACTTCGAACAC
ACGATGTAGAGACTTA,-3.10117229302126,-5.17913258343033,-5.13640413612715,-5.06778290140279,1.12824186220913,-2.44942237324831,-1.40941106286402,-1.06193861186977,-1.01929215316594,-4.41668574012531,-1.70966642086912,-1.77374485640307,-3.76280145572674,-4.41555275875323,-2.2210685037252,-2.81069532037835,-1.66794153148349,-1.531551804689,0.897124758875173,1.77451968092672,-0.480279675646589,0,0,0,0,3,0,0,0,0,0,0,0,0,0,0,0,0,0,2,751,28,1,ACTAGGGGAAAAAACTGTGATTACAATTGGGACTTCGAACAC
ACGGGTCTCAACTCTT,-3.10117229302126,-5.17913258343033,-5.13640413612715,-5.06778290140279,-2.31086770450159,0.777769371937657,-1.40941106286402,0.0971073339406987,-1.01929215316594,-4.41668574012531,-1.70966642086912,-1.77374485640307,-3.76280145572674,-4.41555275875323,0.584699217676805,-2.81069532037835,-1.66794153148349,-1.531551804689,1.16568951002838,-0.410980429237616,-0.70664640594266,0,0,0,0,0,1,0,1,0,0,0,0,0,0,1,0,0,0,2,9,13,1,ACTAGGGGAAAAAACTGTGATTACAATTGGGACTTCGAACAC
ACTTTCAAGTGGAGAA,-3.10117229302126,-5.17913258343033,-5.13640413612715,-5.06778290140279,1.01469310039776,-2.44942237324831,-1.40941106286402,0.0975465670278093,-1.01929215316594,-4.41668574012531,-1.70966642086912,-1.77374485640307,-3.76280145572674,-4.41555275875323,-2.2210685037252,-2.81069532037835,-1.66794153148349,-1.531551804689,-2.19869380105157,0.0319875532573096,-0.472093433491179,0,0,0,0,2,0,0,1,0,0,0,0,0,0,0,0,0,0,0,22,23,1,ACTAGGGGAAAAAACTGTGATTACAATTGGGACTTCGAACAC
AGAATAGCAGCTGCAC,-3.10117229302126,-5.17913258343033,-5.13640413612715,-5.06778290140279,-2.31086770450159,-2.44942237324831,-1.40941106286402,-1.06193861186977,-1.01929215316594,-4.41668574012531,-1.70966642086912,-1.77374485640307,-3.76280145572674,-4.41555275875323,-2.2210685037252,1.05536579018384,-1.66794153148349,-1.531551804689,-2.19869380105157,-0.119262087313652,-0.517312145773013,0,0,0,0,0,0,0,0,0,0,0,0,0,0,0,1,0,0,0,15,19,1,ACTAGGGGAAAAAACTGTGATTACAATTGGGACTTCGAACAC
AGAATAGTCTGCTGCT,-3.10117229302126,-5.17913258343033,-5.13640413612715,-5.06778290140279,-2.31086770450159,-2.44942237324831,-1.40941106286402,-0.0175450128840169,0.701002432406959,-4.41668574012531,-1.70966642086912,-1.77374485640307,-3.76280145572674,-4.41555275875323,-2.2210685037252,-2.81069532037835,0.303750756579586,-1.531551804689,0.409024251252155,1.57174529351103,-0.851373435512554,0,0,0,0,0,0,0,1,2,0,0,0,0,0,0,0,1,0,1,498,11,1,ACTAGGGGAAAAAACTGTGATTACAATTGGGACTTCGAACAC
AGACGTTCATTCTTAC,-3.10117229302126,-5.17913258343033,-5.13640413612715,-5.06778290140279,-2.31086770450159,-2.44942237324831,-1.40941106286402,0.261661671594823,-1.01929215316594,-4.41668574012531,-1.70966642086912,1.74551456394795,-3.76280145572674,2.40079834950141,0.872736087703128,0.282859503252253,-1.66794153148349,-1.531551804689,0.600502114798028,1.78807037970187,-0.680576170148992,0,0,0,0,0,0,0,3,0,0,0,4,0,2,3,1,0,0,2,969,22,1,ACTAGGGGAAAAAACTGTGATTACAATTGGGACTTCGAACAC
AGAGTGGCATGACATC,-3.10117229302126,-5.17913258343033,-5.13640413612715,-5.06778290140279,-2.31086770450159,-2.44942237324831,-1.40941106286402,-1.06193861186977,-1.01929215316594,-4.41668574012531,-1.70966642086912,-1.77374485640307,-3.76280145572674,-4.41555275875323,-2.2210685037252,-2.81069532037835,-1.66794153148349,-1.531551804689,-2.19869380105157,0.495857381591011,-0.705266945677256,0,0,0,0,0,0,0,0,0,0,0,0,0,0,0,0,0,0,0,50,12,1,ACTAGGGGAAAAAACTGTGATTACAATTGGGACTTCGAACAC
AGATTGCTCGTGGGAA,-3.10117229302126,-5.17913258343033,-5.13640413612715,-5.06778290140279,-2.31086770450159,0.829021555137394,-1.40941106286402,0.116707945640974,-1.01929215316594,-4.41668574012531,-1.70966642086912,-1.77374485640307,-3.76280145572674,-4.41555275875323,-2.2210685037252,0.982842529836287,-1.66794153148349,-1.531551804689,-2.19869380105157,-0.255313489537806,-0.608974909013738,0,0,0,0,0,1,0,1,0,0,0,0,0,0,0,1,0,0,0,12,16,1,ACTAGGGGAAAAAACTGTGATTACAATTGGGACTTCGAACAC
AGCAGCCCAATAGAGT,-3.10117229302126,-5.17913258343033,-5.13640413612715,-5.06778290140279,-2.31086770450159,-2.44942237324831,-1.40941106286402,-1.06193861186977,-1.01929215316594,-4.41668574012531,-1.70966642086912,-1.77374485640307,-3.76280145572674,-4.41555275875323,-2.2210685037252,-2.81069532037835,-1.66794153148349,-1.531551804689,1.0489745390096,1.65192040904626,-0.745818237051166,0,0,0,0,0,0,0,0,0,0,0,0,0,0,0,0,0,0,2,530,13,1,ACTAGGGGAAAAAACTGTGATTACAATTGGGACTTCGAACAC
AGTGTCAGTACAGCAG,-3.10117229302126,-5.17913258343033,-5.13640413612715,-5.06778290140279,-2.31086770450159,0.750337089189514,-1.40941106286402,-1.06193861186977,-1.01929215316594,-4.41668574012531,-1.70966642086912,-1.77374485640307,-3.76280145572674,-4.41555275875323,-2.2210685037252,-2.81069532037835,-1.66794153148349,-1.531551804689,-2.19869380105157,0.819613051770412,-0.498000846210478,0,0,0,0,0,1,0,0,0,0,0,0,0,0,0,0,0,0,0,102,22,1,ACTAGGGGAAAAAACTGTGATTACAATTGGGACTTCGAACAC
ATAAGAGTCTACGAGT,-3.10117229302126,-5.17913258343033,-5.13640413612715,-5.06778290140279,-2.31086770450159,0.699336561788096,0.18292967078394,-1.06193861186977,-1.01929215316594,-4.41668574012531,-1.70966642086912,-1.77374485640307,-3.76280145572674,-4.41555275875323,-2.2210685037252,-2.81069532037835,-1.66794153148349,-1.531551804689,0.580036325430644,0.566934690153149,-0.642599622418951,0,0,0,0,0,1,1,0,0,0,0,0,0,0,0,0,0,0,1,65,16,1,ACTAGGGGAAAAAACTGTGATTACAATTGGGACTTCGAACAC
ATCATGGTCTGGTGTA,-3.10117229302126,-5.17913258343033,-5.13640413612715,-5.06778290140279,-2.31086770450159,-2.44942237324831,-1.40941106286402,-1.06193861186977,0.604710062067976,-4.41668574012531,-1.70966642086912,-1.77374485640307,-3.76280145572674,-4.41555275875323,0.715970448551,-2.81069532037835,-1.66794153148349,-1.531551804689,-2.19869380105157,-0.620264148376024,-0.722798063353578,0,0,0,0,0,0,0,0,1,0,0,0,0,0,1,0,0,0,0,5,11,1,ACTAGGGGAAAAAACTGTGATTACAATTGGGACTTCGAACAC
ATCCACCAGATGTGGC,-3.10117229302126,-5.17913258343033,-5.13640413612715,-5.06778290140279,0.110458965590289,0.395971629720184,-1.40941106286402,-0.0489053591007356,-1.01929215316594,-4.41668574012531,-1.70966642086912,-1.77374485640307,-3.76280145572674,-4.41555275875323,-2.2210685037252,-2.81069532037835,-1.66794153148349,-1.531551804689,0.345674465007305,1.75370425524775,-0.420004895065846,0,0,0,0,1,1,0,1,0,0,0,0,0,0,0,0,0,0,1,737,33,1,ACTAGGGGAAAAAACTGTGATTACAATTGGGACTTCGAACAC
ATCCACCCAAACCTAC,-3.10117229302126,-5.17913258343033,-5.13640413612715,-5.06778290140279,0.219258682383815,-2.44942237324831,-1.40941106286402,-9.27873705814366e-06,-1.01929215316594,-4.41668574012531,-1.70966642086912,-1.77374485640307,-3.76280145572674,-4.41555275875323,-2.2210685037252,0.70995226360888,-1.66794153148349,-1.531551804689,-2.19869380105157,1.45394984786621,-0.503445897459131,0,0,0,0,1,0,0,1,0,0,0,0,0,0,0,1,0,0,0,388,25,1,ACTAGGGGAAAAAACTGTGATTACAATTGGGACTTCGAACAC
ATCTACTAGAGACGAA,-3.10117229302126,-5.17913258343033,-5.13640413612715,-5.06778290140279,-2.31086770450159,0.563301323596691,-1.40941106286402,-1.06193861186977,-1.01929215316594,2.20694334808926,-1.70966642086912,-1.77374485640307,-3.76280145572674,-4.41555275875323,0.441130902707023,-2.81069532037835,-1.66794153148349,-1.531551804689,-2.19869380105157,1.61453413526908,-0.82924963703916,0,0,0,0,0,1,0,0,0,1,0,0,0,0,1,0,0,0,0,513,11,1,ACTAGGGGAAAAAACTGTGATTACAATTGGGACTTCGAACAC
ATCTGCCCAACTGCGC,-3.10117229302126,-5.17913258343033,-5.13640413612715,-5.06778290140279,-2.31086770450159,0.536288758423654,-1.40941106286402,-1.06193861186977,-1.01929215316594,-4.41668574012531,-1.70966642086912,-1.77374485640307,-3.76280145572674,-4.41555275875323,-2.2210685037252,-2.81069532037835,0.333296612879758,-1.531551804689,-2.19869380105157,1.78580323872262,-0.535002292866588,0,0,0,0,0,1,0,0,0,0,0,0,0,0,0,0,1,0,0,720,23,1,ACTAGGGGAAAAAACTGTGATTACAATTGGGACTTCGAACAC
ATGAGGGAGTCCTCCT,2.62417932786068,-5.17913258343033,-5.13640413612715,-5.06778290140279,0.483086574466924,-2.44942237324831,0.24607302815888,0.118558583327845,-1.01929215316594,-4.41668574012531,-1.70966642086912,-1.77374485640307,-3.76280145572674,-4.41555275875323,-2.2210685037252,-2.81069532037835,0.484063528912389,-1.531551804689,-2.19869380105157,-0.88011098013765,-0.724311393545801,1,0,0,0,1,0,1,1,0,0,0,0,0,0,0,0,1,0,0,3,12,1,ACTAGGGGAAAAAACTGTGATTACAATTGGGACTTCGAACAC
ATTACTCAGGGTCGAT,-3.10117229302126,-5.17913258343033,-5.13640413612715,-5.06778290140279,-2.31086770450159,-2.44942237324831,-1.40941106286402,-1.06193861186977,-1.01929215316594,-4.41668574012531,-1.70966642086912,-1.77374485640307,-3.76280145572674,-4.41555275875323,0.572168743879581,-2.81069532037835,-1.66794153148349,-1.531551804689,-2.19869380105157,0.894621635060352,-0.602275085050672,0,0,0,0,0,0,0,0,0,0,0,0,0,0,1,0,0,0,0,117,17,1,ACTAGGGGAAAAAACTGTGATTACAATTGGGACTTCGAACAC
CAACCAATCGAATGCT,-3.10117229302126,-5.17913258343033,-5.13640413612715,-5.06778290140279,0.621990728320008,0.317438243944364,-1.40941106286402,-0.0789392484689388,-1.01929215316594,-4.41668574012531,-1.70966642086912,0.620469551867266,-3.76280145572674,-4.41555275875323,0.276546255567195,-2.81069532037835,-1.66794153148349,0.322403654164981,-2.19869380105157,1.12744215698602,-0.299644771923435,0,0,0,0,2,1,0,1,0,0,0,1,0,0,1,0,0,1,0,237,46,1,ACTAGGGGAAAAAACTGTGATTACAATTGGGACTTCGAACAC
CAAGAAACATTATCTC,-3.10117229302126,-5.17913258343033,-5.13640413612715,-5.06778290140279,-2.31086770450159,1.08838944768457,-1.40941106286402,-0.0440240381087928,0.308574178409646,-4.41668574012531,-1.70966642086912,-1.77374485640307,-3.76280145572674,-4.41555275875323,-2.2210685037252,-2.81069532037835,-1.66794153148349,0.375051363025259,0.880595646906061,0.843144116072424,-0.39185367583873,0,0,0,0,0,2,0,1,1,0,0,0,0,0,0,0,0,1,2,131,35,1,ACTAGGGGAAAAAACTGTGATTACAATTGGGACTTCGAACAC
CAAGAAAGTCAGTGGA,-3.10117229302126,-5.17913258343033,-5.13640413612715,-5.06778290140279,-2.31086770450159,0.835410613800532,-1.40941106286402,0.119151343173884,-1.01929215316594,-4.41668574012531,-1.70966642086912,-1.77374485640307,-3.76280145572674,-4.41555275875323,0.623285179693217,-2.81069532037835,-1.66794153148349,-1.531551804689,-2.19869380105157,-0.110733860423182,-0.758697164762308,0,0,0,0,0,1,0,1,0,0,0,0,0,0,1,0,0,0,0,16,11,1,ACTAGGGGAAAAAACTGTGATTACAATTGGGACTTCGAACAC
CAAGATCAGCCTCGTG,-3.10117229302126,-5.17913258343033,-5.13640413612715,-5.06778290140279,-2.31086770450159,0.462598232304681,0.0718086579741611,-1.06193861186977,-1.01929215316594,-4.41668574012531,-1.70966642086912,-1.77374485640307,-3.76280145572674,-4.41555275875323,-2.2210685037252,-2.81069532037835,-1.66794153148349,-1.531551804689,0.397146249926379,1.93092929103998,-0.591925089645647,0,0,0,0,0,1,1,0,0,0,0,0,0,0,0,0,0,0,1,989,21,1,ACTAGGGGAAAAAACTGTGATTACAATTGGGACTTCGAACAC
CAAGGCCAGATCCCGC,-3.10117229302126,-5.17913258343033,-5.13640413612715,-5.06778290140279,-2.31086770450159,-2.44942237324831,-1.40941106286402,-1.06193861186977,-1.01929215316594,-4.41668574012531,-1.70966642086912,-1.77374485640307,-3.76280145572674,-4.41555275875323,-2.2210685037252,1.07649537635623,-1.66794153148349,-1.531551804689,0.761138892997943,-0.551063670746423,-0.581818052341521,0,0,0,0,0,0,0,0,0,0,0,0,0,0,0,1,0,0,1,6,16,1,ACTAGGGGAAAAAACTGTGATTACAATTGGGACTTCGAACAC
CAAGGCCTCACTTCAT,-3.10117229302126,-5.17913258343033,-5.13640413612715,-5.06778290140279,-2.31086770450159,-2.44942237324831,-1.40941106286402,-1.06193861186977,0.405166895536496,2.25652141662166,-1.70966642086912,-1.77374485640307,-3.76280145572674,-4.41555275875323,-2.2210685037252,-2.81069532037835,-1.66794153148349,-1.531551804689,0.497939914755247,1.05746453926695,-0.520280437047469,0,0,0,0,0,0,0,0,1,1,0,0,0,0,0,0,0,0,1,176,23,1,ACTAGGGGAAAAAACTGTGATTACAATTGGGACTTCGAACAC
CAAGTTGTCTTCAACT,-3.10117229302126,-5.17913258343033,-5.13640413612715,-5.06778290140279,0.94339152113921,0.212906467124359,-0.0453924809273551,-0.118915823901911,-1.01929215316594,-4.41668574012531,-1.70966642086912,-1.77374485640307,-3.76280145572674,-4.41555275875323,-2.2210685037252,0.431943264173445,-1.66794153148349,0.262124048717482,0.20424911372427,1.69710754732873,-0.676883377382436,0,0,0,0,3,1,1,1,0,0,0,0,0,0,0,1,0,1,1,739,20,1,ACTAGGGGAAAAAACTGTGATTACAATTGGGACTTCGAACAC
CACAAACAGTGAATTG,-3.10117229302126,-5.17913258343033,-5.13640413612715,-5.06778290140279,0.605185333523681,0.297689578817253,-1.40941106286402,-0.0864918226733732,0.25038484286414,-4.41668574012531,0.713350311900966,-1.77374485640307,-3.76280145572674,-4.41555275875323,-2.2210685037252,-2.81069532037835,-1.66794153148349,0.311015330172107,0.269747547090913,1.36560971848382,-0.698398447439863,0,0,0,0,2,1,0,1,1,0,1,0,0,0,0,0,0,1,1,376,18,1,ACTAGGGGAAAAAACTGTGATTACAATTGGGACTTCGAACAC
CACACTCCATATACCG,1.98361328129772,-5.17913258343033,2.41592926720117,-5.06778290140279,0.748853094571386,1.14617309925762,0.0736490405988808,-1.06193861186977,-1.01929215316594,-4.41668574012531,-1.70966642086912,-1.77374485640307,-3.76280145572674,-4.41555275875323,-2.2210685037252,0.658710969748931,0.297947311390957,-1.531551804689,0.400175269449157,-0.259894552056374,-0.678122695498608,1,0,1,0,2,2,1,0,0,0,0,0,0,0,0,1,1,0,1,15,17,1,ACTAGGGGAAAAAACTGTGATTACAATTGGGACTTCGAACAC
CACATAGAGCGTGTCC,-3.10117229302126,-5.17913258343033,-5.13640413612715,-5.06778290140279,-2.31086770450159,-2.44942237324831,0.115251812279894,-1.06193861186977,-1.01929215316594,-4.41668574012531,-1.70966642086912,-1.77374485640307,-3.76280145572674,-4.41555275875323,-2.2210685037252,0.737962015591831,-1.66794153148349,-1.531551804689,-2.19869380105157,1.68882016055559,-0.548608438702193,0,0,0,0,0,0,1,0,0,0,0,0,0,0,0,1,0,0,0,593,22,1,ACTAGGGGAAAAAACTGTGATTACAATTGGGACTTCGAACAC
CACATTTCACGCGAAA,-3.10117229302126,-5.17913258343033,-5.13640413612715,-5.06778290140279,-2.31086770450159,-2.44942237324831,-1.40941106286402,0.271296561029512,-1.01929215316594,-4.41668574012531,-1.70966642086912,0.830551871125323,-3.76280145572674,-4.41555275875323,-2.2210685037252,1.34427785897391,-1.66794153148349,-1.531551804689,-2.19869380105157,0.87684897057026,-0.530516473851059,0,0,0,0,0,0,0,2,0,0,0,1,0,0,0,2,0,0,0,128,23,1,ACTAGGGGAAAAAACTGTGATTACAATTGGGACTTCGAACAC
CACATTTTCGTTGCCT,2.24212088091767,-5.17913258343033,-5.13640413612715,-5.06778290140279,0.875004021524026,0.614763886141459,-1.40941106286402,-1.06193861186977,-1.01929215316594,-4.41668574012531,-1.70966642086912,0.884972800912987,-3.76280145572674,-4.41555275875323,-2.2210685037252,-2.81069532037835,-1.66794153148349,-1.531551804689,-2.19869380105157,0.661911935512176,-0.781118782793955,1,0,0,0,2,1,0,0,0,0,0,1,0,0,0,0,0,0,0,82,12,1,ACTAGGGGAAAAAACTGTGATTACAATTGGGACTTCGAACAC
CACCAGGCACTGTCGG,1.08092649160513,-5.17913258343033,-5.13640413612715,-5.06778290140279,-0.270016143217741,0.628514725017662,-0.169331143305124,0.224445668791899,0.676431226259455,-4.41668574012531,-1.70966642086912,-1.77374485640307,-3.76280145572674,-4.41555275875323,-2.2210685037252,0.195846768268803,-1.66794153148349,0.109858637129355,1.18682169923372,1.32368736148409,-0.548906276345902,1,0,0,0,1,2,1,3,3,0,0,0,0,0,0,1,0,1,4,428,32,1,ACTAGGGGAAAAAACTGTGATTACAATTGGGACTTCGAACAC
CACCTTGGTAGCTAAA,-3.10117229302126,-5.17913258343033,-5.13640413612715,-5.06778290140279,-2.31086770450159,0.490317872314384,-1.40941106286402,-1.06193861186977,-1.01929215316594,-4.41668574012531,-1.70966642086912,-1.77374485640307,-3.76280145572674,-4.41555275875323,-2.2210685037252,-2.81069532037835,-1.66794153148349,-1.531551804689,-2.19869380105157,2.01468538653185,-0.194480356704011,0,0,0,0,0,1,0,0,0,0,0,0,0,0,0,0,0,0,0,1139,53,1,ACTAGGGGAAAAAACTGTGATTACAATTGGGACTTCGAACAC
CAGCCGATCTCGTATT,1.32111645768026,-5.17913258343033,-5.13640413612715,-5.06778290140279,0.425556647869669,0.0866010085576919,-0.104678150932536,-0.167219410099253,0.139771946037362,-4.41668574012531,-1.70966642086912,-1.77374485640307,-3.76280145572674,-4.41555275875323,1.3547697038277,-2.81069532037835,-1.66794153148349,-1.531551804689,-2.19869380105157,1.50034990397516,-0.246181061971702,1,0,0,0,2,1,1,1,1,0,0,0,0,0,5,0,0,0,0,550,60,1,ACTAGGGGAAAAAACTGTGATTACAATTGGGACTTCGAACAC
CATATTCTCGCGTTTC,-3.10117229302126,-5.17913258343033,-5.13640413612715,-5.06778290140279,0.871806987121935,0.611006928178142,-1.40941106286402,-1.06193861186977,-1.01929215316594,-4.41668574012531,-1.70966642086912,0.881630581316714,-3.76280145572674,-4.41555275875323,-2.2210685037252,-2.81069532037835,-1.66794153148349,-1.531551804689,-2.19869380105157,1.05406742353205,-0.782092886516595,0,0,0,0,2,1,0,0,0,0,0,1,0,0,0,0,0,0,0,173,12,1,ACTAGGGGAAAAAACTGTGATTACAATTGGGACTTCGAACAC
CATCAGAGTGCACTTA,-3.10117229302126,-5.17913258343033,-5.13640413612715,-5.06778290140279,-2.31086770450159,1.08870361415685,-1.40941106286402,-0.0439038899580628,-1.01929215316594,-4.41668574012531,0.816629203568421,0.701967740473609,-3.76280145572674,-4.41555275875323,-2.2210685037252,-2.81069532037835,0.268829987892458,0.37523253119794,-2.19869380105157,0.882048916128634,-0.550251058349246,0,0,0,0,0,2,0,1,0,0,1,1,0,0,0,0,1,1,0,141,24,1,ACTAGGGGAAAAAACTGTGATTACAATTGGGACTTCGAACAC
CATCAGATCAACCATG,3.79310678655975,-5.17913258343033,-5.13640413612715,-5.06778290140279,0.0648052979038529,-2.44942237324831,-1.40941106286402,-1.06193861186977,-1.01929215316594,-4.41668574012531,0.754744097974985,-1.77374485640307,-3.76280145572674,-4.41555275875323,-2.2210685037252,-2.81069532037835,0.235022101749592,-1.531551804689,0.829288737688195,1.47968910228357,-0.710324439485068,3,0,0,0,1,0,0,0,0,0,1,0,0,0,0,0,1,0,2,454,17,1,ACTAGGGGAAAAAACTGTGATTACAATTGGGACTTCGAACAC
CCATTCGTCGCGATCG,-3.10117229302126,-5.17913258343033,-5.13640413612715,-5.06778290140279,0.37588921422049,-2.44942237324831,-1.40941106286402,-1.06193861186977,0.465334125104775,-4.41668574012531,-1.70966642086912,-1.77374485640307,-3.76280145572674,-4.41555275875323,0.537920129744061,-2.81069532037835,0.420239052227187,0.547562098927668,-2.19869380105157,-0.254334035425649,-0.615540348097446,0,0,0,0,1,0,0,0,1,0,0,0,0,0,1,0,1,1,0,13,17,1,ACTAGGGGAAAAAACTGTGATTACAATTGGGACTTCGAACAC
CCCAGTTAGCTGAACG,-3.10117229302126,-5.17913258343033,-5.13640413612715,-5.06778290140279,0.146134433309788,0.437895242570947,0.0602134877090335,-1.06193861186977,-1.01929215316594,-4.41668574012531,-1.70966642086912,-1.77374485640307,-3.76280145572674,-4.41555275875323,0.35718208198942,-2.81069532037835,-1.66794153148349,-1.531551804689,-2.19869380105157,1.76986718638776,-0.639753174585002,0,0,0,0,1,1,1,0,0,0,0,0,0,0,1,0,0,0,0,741,19,1,ACTAGGGGAAAAAACTGTGATTACAATTGGGACTTCGAACAC
CCCTCCTAGGAGTTGC,1.62158600283821,-5.17913258343033,-5.13640413612715,-5.06778290140279,0.572184877362491,-2.44942237324831,0.295218789851218,-1.06193861186977,-1.01929215316594,-4.41668574012531,-1.70966642086912,1.17302749548971,-3.76280145572674,-4.41555275875323,1.01514454281236,-2.81069532037835,-1.66794153148349,-1.531551804689,-2.19869380105157,1.40306538126665,-0.589179376432772,1,0,0,0,2,0,2,0,0,0,0,2,0,0,3,0,0,0,0,413,24,1,ACTAGGGGAAAAAACTGTGATTACAATTGGGACTTCGAACAC
CCCTCCTCAGTGAGTG,-3.10117229302126,-5.17913258343033,-5.13640413612715,-5.06778290140279,1.19146942038877,1.66630855006358,-1.40941106286402,0.109450942675331,0.162718806557534,-4.41668574012531,-1.70966642086912,0.454071501282819,-3.76280145572674,-4.41555275875323,-2.2210685037252,-2.81069532037835,-1.66794153148349,-1.531551804689,-2.19869380105157,1.80704334610529,-0.429234957178472,0,0,0,0,4,4,0,2,1,0,0,1,0,0,0,0,0,0,0,955,38,1,ACTAGGGGAAAAAACTGTGATTACAATTGGGACTTCGAACAC
CCGTGGACAAATACAG,-3.10117229302126,-5.17913258343033,-5.13640413612715,-5.06778290140279,-2.31086770450159,0.362507730087263,-1.40941106286402,-1.06193861186977,-1.01929215316594,-4.41668574012531,-1.70966642086912,-1.77374485640307,-3.76280145572674,-4.41555275875323,-2.2210685037252,0.565709223670211,0.245249218491238,-1.531551804689,0.319822229148892,2.0323881629819,-0.483079010349599,0,0,0,0,0,1,0,0,0,0,0,0,0,0,0,1,1,0,1,1271,29,1,ACTAGGGGAAAAAACTGTGATTACAATTGGGACTTCGAACAC
CCTAAAGGTCGCTTTC,-3.10117229302126,-5.17913258343033,-5.13640413612715,-5.06778290140279,-2.31086770450159,0.592787180742516,-1.40941106286402,-1.06193861186977,-1.01929215316594,-4.41668574012531,-1.70966642086912,-1.77374485640307,-3.76280145572674,-4.41555275875323,-2.2210685037252,1.37932617194288,0.361921940511085,-1.531551804689,-2.19869380105157,1.13020637143061,-0.754608571829131,0,0,0,0,0,1,0,0,0,0,0,0,0,0,0,2,1,0,0,202,13,1,ACTAGGGGAAAAAACTGTGATTACAATTGGGACTTCGAACAC
CCTACCAAGCACACAG,-3.10117229302126,-5.17913258343033,-5.13640413612715,-5.06778290140279,0.210228944332339,0.513215165132178,0.0955673997604594,-0.0040673664825052,-1.01929215316594,-4.41668574012531,-1.70966642086912,-1.77374485640307,-3.76280145572674,-4.41555275875323,-2.2210685037252,-2.81069532037835,-1.66794153148349,-1.531551804689,-2.19869380105157,1.41088995945682,-0.717205443746829,0,0,0,0,1,1,1,1,0,0,0,0,0,0,0,0,0,0,0,360,15,1,ACTAGGGGAAAAAACTGTGATTACAATTGGGACTTCGAACAC
CCTCAGTAGGAATTAC,-3.10117229302126,-5.17913258343033,1.64662238194941,-5.06778290140279,2.50411906483432,2.4966503306248,0.0636973748388271,-1.06193861186977,0.844035354929843,-4.41668574012531,-1.70966642086912,0.401482479254105,-3.76280145572674,0.552813558666432,-0.211045237534237,1.14405940437722,-0.490977796300346,0.180451528250027,1.5174921480194,0.981626889069116,-0.551405451898591,0,0,3,0,25,16,4,0,8,0,0,3,0,2,2,6,1,3,11,418,60,1,ACTAGGGGAAAAAACTGTGATTACAATTGGGACTTCGAACAC
CCTTACGAGTCAATAG,-3.10117229302126,-5.17913258343033,-5.13640413612715,-5.06778290140279,0.007018877957167,-2.44942237324831,0.302496921852367,-1.06193861186977,-1.01929215316594,-4.41668574012531,-1.70966642086912,0.582195918224159,-3.76280145572674,-4.41555275875323,0.247745952795192,0.486941301106386,-1.66794153148349,-1.531551804689,0.251767140690854,1.7573706199545,-0.602900843367164,0,0,0,0,1,0,2,0,0,0,0,1,0,0,1,1,0,0,1,798,23,1,ACTAGGGGAAAAAACTGTGATTACAATTGGGACTTCGAACAC
CCTTCCCAGTTCGATC,-3.10117229302126,-5.17913258343033,-5.13640413612715,-5.06778290140279,0.172729994042564,-2.44942237324831,-1.40941106286402,-1.06193861186977,0.340231445768616,-4.41668574012531,-1.70966642086912,-1.77374485640307,-3.76280145572674,-4.41555275875323,0.833074830325193,-2.81069532037835,-1.66794153148349,-1.531551804689,0.402206761123751,1.3055997265614,-0.590226682935558,0,0,0,0,1,0,0,0,1,0,0,0,0,0,2,0,0,0,1,303,21,1,ACTAGGGGAAAAAACTGTGATTACAATTGGGACTTCGAACAC
CCTTCGACATCTACGA,-3.10117229302126,-5.17913258343033,-5.13640413612715,-5.06778290140279,-2.31086770450159,1.48826058364393,-1.40941106286402,-1.06193861186977,-1.01929215316594,-4.41668574012531,0.739962792702708,0.628428098181746,-3.76280145572674,-4.41555275875323,0.282534935545149,-2.81069532037835,-1.66794153148349,-1.531551804689,-2.19869380105157,1.98997261105707,-0.571684491208634,0,0,0,0,0,3,0,0,0,0,1,1,0,0,1,0,0,0,0,1199,24,1,ACTAGGGGAAAAAACTGTGATTACAATTGGGACTTCGAACAC
CGACTTCAGATAGCAT,-3.10117229302126,-5.17913258343033,-5.13640413612715,-5.06778290140279,0.245262472770107,0.554384410468195,-1.40941106286402,-1.06193861186977,-1.01929215316594,-4.41668574012531,-1.70966642086912,-1.77374485640307,-3.76280145572674,-4.41555275875323,-2.2210685037252,-2.81069532037835,-1.66794153148349,-1.531551804689,0.9931154593505,1.1335106456561,-0.568126777631278,0,0,0,0,1,1,0,0,0,0,0,0,0,0,0,0,0,0,2,208,21,1,ACTAGGGGAAAAAACTGTGATTACAATTGGGACTTCGAACAC
CGATCGGTCATAGCAC,-3.10117229302126,-5.17913258343033,-5.13640413612715,-5.06778290140279,-2.31086770450159,0.540299547993753,0.108280356135007,-1.06193861186977,-1.01929215316594,-4.41668574012531,0.938354658251866,-1.77374485640307,-3.76280145572674,-4.41555275875323,-2.2210685037252,0.724681766026575,-1.66794153148349,-1.531551804689,-2.19869380105157,1.06994073322415,-0.57177869950615,0,0,0,0,0,1,1,0,0,0,1,0,0,0,0,1,0,0,0,186,21,1,ACTAGGGGAAAAAACTGTGATTACAATTGGGACTTCGAACAC
CGATTGAAGCCATCGC,-3.10117229302126,-5.17913258343033,-5.13640413612715,-5.06778290140279,0.707052081714055,-2.44942237324831,-1.40941106286402,-1.06193861186977,-1.01929215316594,-4.41668574012531,-1.70966642086912,-1.77374485640307,-3.76280145572674,-4.41555275875323,-2.2210685037252,0.614788557852276,-1.66794153148349,-1.531551804689,-2.19869380105157,2.05270538241361,-0.343816769284189,0,0,0,0,2,0,0,0,0,0,0,0,0,0,0,1,0,0,0,1278,39,1,ACTAGGGGAAAAAACTGTGATTACAATTGGGACTTCGAACAC
CGATTGAAGGTGTTAA,1.9594054079317,-5.17913258343033,-5.13640413612715,-5.06778290140279,-2.31086770450159,-2.44942237324831,0.386151128856546,-1.06193861186977,0.331578980705624,-4.41668574012531,-1.70966642086912,0.740743207002131,-3.76280145572674,-4.41555275875323,-2.2210685037252,-2.81069532037835,-1.66794153148349,-1.531551804689,-2.19869380105157,1.34236133081438,-0.538949788278715,1,0,0,0,0,0,2,0,1,0,0,1,0,0,0,0,0,0,0,328,24,1,ACTAGGGGAAAAAACTGTGATTACAATTGGGACTTCGAACAC
CGCTATCGTACAGTGG,-3.10117229302126,-5.17913258343033,2.51556061194799,-5.06778290140279,-2.31086770450159,-2.44942237324831,-1.40941106286402,-1.06193861186977,0.365676081566758,-4.41668574012531,-1.70966642086912,-1.77374485640307,-3.76280145572674,-4.41555275875323,-2.2210685037252,-2.81069532037835,0.32388156754443,-1.531551804689,-2.19869380105157,1.82170897671747,-0.774075592414414,0,0,1,0,0,0,0,0,1,0,0,0,0,0,0,0,1,0,0,779,13,1,ACTAGGGGAAAAAACTGTGATTACAATTGGGACTTCGAACAC
CGCTGGACAATGGAAT,-3.10117229302126,-5.17913258343033,-5.13640413612715,-5.06778290140279,0.0467836884967091,-2.44942237324831,0.324430806550574,-1.06193861186977,0.61882213497376,-4.41668574012531,-1.70966642086912,-1.77374485640307,-3.76280145572674,-4.41555275875323,0.733998374566413,-2.81069532037835,-1.66794153148349,-1.531551804689,-2.19869380105157,1.76683716130089,-0.590784911817829,0,0,0,0,1,0,2,0,2,0,0,0,0,0,2,0,0,0,0,790,23,1,ACTAGGGGAAAAAACTGTGATTACAATTGGGACTTCGAACAC
CGCTGGATCAGTGCAT,-3.10117229302126,-5.17913258343033,-5.13640413612715,-5.06778290140279,0.34798978192366,-2.44942237324831,0.171554944694232,-1.06193861186977,0.448154034881774,-4.41668574012531,1.06337595010194,-1.77374485640307,-3.76280145572674,-4.41555275875323,-2.2210685037252,-2.81069532037835,-1.66794153148349,-1.531551804689,-2.19869380105157,0.293142729272024,-0.600542672913185,0,0,0,0,1,0,1,0,1,0,1,0,0,0,0,0,0,0,0,39,18,1,ACTAGGGGAAAAAACTGTGATTACAATTGGGACTTCGAACAC
CGCTTCAGTTGGTAAA,-3.10117229302126,-5.17913258343033,-5.13640413612715,-5.06778290140279,0.9481574837071,-2.44942237324831,0.276254606190843,-1.06193861186977,0.208892308641617,-4.41668574012531,-1.70966642086912,0.532459650935383,-3.76280145572674,-4.41555275875323,0.210320199859817,0.436951099072216,-1.66794153148349,-1.531551804689,-2.19869380105157,1.78974972066676,-0.655213007944572,0,0,0,0,3,0,2,0,1,0,0,1,0,0,1,1,0,0,0,877,21,1,ACTAGGGGAAAAAACTGTGATTACAATTGGGACTTCGAACAC
CGTAGGCCACGCTTTC,-3.10117229302126,-5.17913258343033,-5.13640413612715,-5.06778290140279,0.0776086758869372,-2.44942237324831,0.0224153430234083,-1.06193861186977,-1.01929215316594,-4.41668574012531,1.39903116083685,-1.77374485640307,-3.76280145572674,-4.41555275875323,-2.2210685037252,-2.81069532037835,0.242645133675888,0.345429661547868,-2.19869380105157,1.78300261006951,-0.731265202392257,0,0,0,0,1,0,1,0,0,0,2,0,0,0,0,0,1,1,0,797,16,1,ACTAGGGGAAAAAACTGTGATTACAATTGGGACTTCGAACAC
CGTCAGGAGCGCTTAT,0.785001336532625,-5.17913258343033,1.07803713400393,-5.06778290140279,5.04679820004834,2.87319398961772,-0.568004850569453,-0.100377678600037,-1.01929215316594,-0.23104874826992,-1.70966642086912,-1.77374485640307,-0.265183387803314,-4.41555275875323,-2.2210685037252,1.08299889740086,0.194012380734451,-1.531551804689,1.76800697126084,0.326357209631121,-0.0391320832244381,2,0,2,0,137,18,1,3,0,1,0,0,1,0,0,5,3,0,12,108,176,1,ACTAGGGGAAAAAACTGTGATTACAATTGGGACTTCGAACAC
CGTCCATCATAACCTG,-3.10117229302126,-5.17913258343033,-5.13640413612715,-5.06778290140279,0.787751192278713,-2.44942237324831,0.0951048548858287,-1.06193861186977,-1.01929215316594,2.12188228602032,-1.70966642086912,-1.77374485640307,-3.76280145572674,-4.41555275875323,-2.2210685037252,-2.81069532037835,-1.66794153148349,-1.531551804689,-2.19869380105157,1.37716457449274,-0.559737299826088,0,0,0,0,2,0,1,0,0,1,0,0,0,0,0,0,0,0,0,338,22,1,ACTAGGGGAAAAAACTGTGATTACAATTGGGACTTCGAACAC
CGTTCTGTCAGCAACT,-3.10117229302126,-5.17913258343033,-5.13640413612715,-5.06778290140279,-2.31086770450159,-2.44942237324831,0.108371537647056,-1.06193861186977,-1.01929215316594,-4.41668574012531,-1.70966642086912,-1.77374485640307,1.69843865297092,-4.41555275875323,0.425863188568458,-2.81069532037835,0.335427130208259,-1.531551804689,-2.19869380105157,1.02247164368551,-0.533912008480376,0,0,0,0,0,0,1,0,0,0,0,0,1,0,1,0,1,0,0,170,23,1,ACTAGGGGAAAAAACTGTGATTACAATTGGGACTTCGAACAC
CTAACTTTCGTGACAT,-3.10117229302126,-5.17913258343033,-5.13640413612715,-5.06778290140279,-0.0749205732960759,2.27804770109766,-0.0617183148336419,-1.06193861186977,-1.01929215316594,-4.41668574012531,-1.70966642086912,1.10116099574014,-3.76280145572674,-4.41555275875323,0.183287766572057,1.00855601986027,-1.66794153148349,-1.531551804689,-2.19869380105157,1.63958260072307,-0.75289748505374,0,0,0,0,1,6,1,0,0,0,0,2,0,0,1,2,0,0,0,677,17,1,ACTAGGGGAAAAAACTGTGATTACAATTGGGACTTCGAACAC
CTACCCATCGACGGAA,-3.10117229302126,-5.17913258343033,-5.13640413612715,-5.06778290140279,0.857023463560998,0.593634241624684,0.133314769392466,-1.06193861186977,-1.01929215316594,-4.41668574012531,-1.70966642086912,-1.77374485640307,-3.76280145572674,-4.41555275875323,-2.2210685037252,-2.81069532037835,-1.66794153148349,-1.531551804689,0.498376944975242,0.594222315274294,-0.621665941899305,0,0,0,0,2,1,1,0,0,0,0,0,0,0,0,0,0,0,1,73,18,1,ACTAGGGGAAAAAACTGTGATTACAATTGGGACTTCGAACAC
CTAGAGTCACGGCGTT,-3.10117229302126,-5.17913258343033,-5.13640413612715,-5.06778290140279,0.131234335633315,0.420385565295277,0.0519947380156889,-0.0395686237383014,-1.01929215316594,-4.41668574012531,-1.70966642086912,-1.77374485640307,-3.76280145572674,-4.41555275875323,1.57821038296125,-2.81069532037835,-1.66794153148349,-1.531551804689,-2.19869380105157,1.24644003037069,-0.904121145788882,0,0,0,0,1,1,1,1,0,0,0,0,0,0,5,0,0,0,0,279,10,1,ACTAGGGGAAAAAACTGTGATTACAATTGGGACTTCGAACAC
CTCGAGGCATTTCAGG,-3.10117229302126,-5.17913258343033,-5.13640413612715,-5.06778290140279,0.796844887507721,-2.44942237324831,0.100120849176443,-1.06193861186977,-1.01929215316594,-4.41668574012531,-1.70966642086912,0.803264268416069,-3.76280145572674,-4.41555275875323,-2.2210685037252,0.709138343463607,-1.66794153148349,-1.531551804689,-2.19869380105157,0.964695766870349,-0.576285882303294,0,0,0,0,2,0,1,0,0,0,0,1,0,0,0,1,0,0,0,154,21,1,ACTAGGGGAAAAAACTGTGATTACAATTGGGACTTCGAACAC
CTCGAGGTCTCGCATC,-3.10117229302126,-5.17913258343033,-5.13640413612715,-5.06778290140279,0.760603359338404,1.15998128685756,-1.40941106286402,-1.06193861186977,-1.01929215316594,-4.41668574012531,-1.70966642086912,-1.77374485640307,-3.76280145572674,-4.41555275875323,0.385586756161331,-2.81069532037835,-1.66794153148349,-1.531551804689,0.410842661071969,1.34135915789462,-0.850763141548326,0,0,0,0,2,2,0,0,0,0,0,0,0,0,1,0,0,0,1,322,11,1,ACTAGGGGAAAAAACTGTGATTACAATTGGGACTTCGAACAC
CTCGGAGTCATATCGG,2.76531143611948,-5.17913258343033,-5.13640413612715,-5.06778290140279,0.551958616549253,1.39701703041483,-0.0349560481731781,-1.06193861186977,-1.01929215316594,-4.41668574012531,-1.70966642086912,0.547257109681624,-3.76280145572674,-4.41555275875323,0.221455053062466,-2.81069532037835,-1.66794153148349,-1.531551804689,-2.19869380105157,1.67234437294468,-0.817353851336018,2,0,0,0,2,3,1,0,0,0,0,1,0,0,1,0,0,0,0,696,14,1,ACTAGGGGAAAAAACTGTGATTACAATTGGGACTTCGAACAC
CTGAAACTCTTTACGT,-3.10117229302126,-5.17913258343033,-5.13640413612715,-5.06778290140279,-0.252960098284742,-2.44942237324831,-1.40941106286402,-1.06193861186977,4.10984624960168,-4.41668574012531,-1.70966642086912,0.310410657344145,-3.76280145572674,-4.41555275875323,-2.2210685037252,-2.81069532037835,-1.66794153148349,0.121416816397863,-2.19869380105157,1.92284558411453,-0.449370297608034,0,0,0,0,1,0,0,0,196,0,0,1,0,0,0,0,0,1,0,1308,40,1,ACTAGGGGAAAAAACTGTGATTACAATTGGGACTTCGAACAC
CTGAAGTGTAGCAAAT,-3.10117229302126,-5.17913258343033,-5.13640413612715,-5.06778290140279,0.277703248923129,-2.44942237324831,-1.40941106286402,-1.06193861186977,-1.01929215316594,-4.41668574012531,-1.70966642086912,-1.77374485640307,-3.76280145572674,-4.41555275875323,-2.2210685037252,0.771362888595948,-1.66794153148349,0.481025513628058,-2.19869380105157,1.08364203781429,-0.538923066024209,0,0,0,0,1,0,0,0,0,0,0,0,0,0,0,1,0,1,0,185,22,1,ACTAGGGGAAAAAACTGTGATTACAATTGGGACTTCGAACAC
CTGCGGAAGCCACTAT,-3.10117229302126,-5.17913258343033,-5.13640413612715,-5.06778290140279,1.03794269991028,-2.44942237324831,0.233108069446711,-1.06193861186977,-1.01929215316594,-4.41668574012531,-1.70966642086912,-1.77374485640307,-3.76280145572674,-4.41555275875323,-2.2210685037252,-2.81069532037835,-1.66794153148349,-1.531551804689,0.662623145763422,-0.591490278088482,-0.398013543206012,0,0,0,0,2,0,1,0,0,0,0,0,0,0,0,0,0,0,1,6,27,1,ACTAGGGGAAAAAACTGTGATTACAATTGGGACTTCGAACAC
GAACATCGTGGTTTCA,-3.10117229302126,-5.17913258343033,-5.13640413612715,-5.06778290140279,0.460982439567168,0.80788523190904,-1.40941106286402,-1.06193861186977,-1.01929215316594,-4.41668574012531,1.18652229170314,-1.77374485640307,-3.76280145572674,-4.41555275875323,-2.2210685037252,-2.81069532037835,-1.66794153148349,-1.531551804689,0.663894628045294,-0.520010580036937,-0.589613311614089,0,0,0,0,1,1,0,0,0,0,1,0,0,0,0,0,0,0,1,7,17,1,ACTAGGGGAAAAAACTGTGATTACAATTGGGACTTCGAACAC
GAACATCTCGTGTAGT,-3.10117229302126,-5.17913258343033,-5.13640413612715,-5.06778290140279,-2.31086770450159,-2.44942237324831,-1.40941106286402,-1.06193861186977,-1.01929215316594,-4.41668574012531,-1.70966642086912,-1.77374485640307,-3.76280145572674,-4.41555275875323,-2.2210685037252,-2.81069532037835,-1.66794153148349,-1.531551804689,-2.19869380105157,0.338020365187039,-1.47164748381334,0,0,0,0,0,0,0,0,0,0,0,0,0,0,0,0,0,0,0,33,1,1,ACTAGGGGAAAAAACTGTGATTACAATTGGGACTTCGAACAC
GACCAATTCGTGGGAA,-3.10117229302126,-5.17913258343033,-5.13640413612715,-5.06778290140279,1.3459245470867,1.47377410860573,-1.40941106286402,-0.0810580692939373,-1.01929215316594,-4.41668574012531,-1.70966642086912,-1.77374485640307,-3.76280145572674,-4.41555275875323,-2.2210685037252,0.520456444544158,0.56395892824026,-1.531551804689,-2.19869380105157,1.07904223475236,-0.630998659074112,0,0,0,0,4,3,0,1,0,0,0,0,0,0,0,1,2,0,0,217,21,1,ACTAGGGGAAAAAACTGTGATTACAATTGGGACTTCGAACAC
GAGCAGATCTGCAAGT,-3.10117229302126,-5.17913258343033,-5.13640413612715,-5.06778290140279,-2.31086770450159,-2.44942237324831,-1.40941106286402,-1.06193861186977,-1.01929215316594,-4.41668574012531,-1.70966642086912,-1.77374485640307,-3.76280145572674,-4.41555275875323,-2.2210685037252,-2.81069532037835,-1.66794153148349,-1.531551804689,-2.19869380105157,-0.3408213698921,-0.473044600989915,0,0,0,0,0,0,0,0,0,0,0,0,0,0,0,0,0,0,0,9,20,1,ACTAGGGGAAAAAACTGTGATTACAATTGGGACTTCGAACAC
GAGGTGACACAACGCC,-3.10117229302126,-5.17913258343033,-5.13640413612715,-5.06778290140279,0.928845796549542,0.875467241665987,-1.40941106286402,-1.06193861186977,-1.01929215316594,-4.41668574012531,0.618866882533549,-1.77374485640307,-3.76280145572674,-4.41555275875323,-2.2210685037252,0.416659344883182,-1.66794153148349,0.2522670101685,1.08864094260525,1.5416804996742,-0.641777743224907,0,0,0,0,3,2,0,0,0,0,1,0,0,0,0,1,0,1,3,557,22,1,ACTAGGGGAAAAAACTGTGATTACAATTGGGACTTCGAACAC
GAGGTGAGTTCGGCAC,-3.10117229302126,-5.17913258343033,-5.13640413612715,3.62007590219979,0.706186656049874,0.416380113621056,-1.40941106286402,-0.0411004473221803,-1.01929215316594,-4.41668574012531,-1.70966642086912,-1.77374485640307,-3.76280145572674,-4.41555275875323,-2.2210685037252,-2.81069532037835,-1.66794153148349,-1.531551804689,-2.19869380105157,1.19338293759942,-0.414713385196594,0,0,0,2,2,1,0,1,0,0,0,0,0,0,0,0,0,0,0,253,33,1,ACTAGGGGAAAAAACTGTGATTACAATTGGGACTTCGAACAC
GATGAAACAAATCCGT,-3.10117229302126,-5.17913258343033,-5.13640413612715,-5.06778290140279,0.179502454259618,-2.44942237324831,0.0786189651698941,-1.06193861186977,-1.01929215316594,-4.41668574012531,-1.70966642086912,-1.77374485640307,-3.76280145572674,-4.41555275875323,-2.2210685037252,0.668178409154966,0.303311898857083,0.414478879077694,-2.19869380105157,1.15291406538251,-0.629586279476502,0,0,0,0,1,0,1,0,0,0,0,0,0,0,0,1,1,1,0,226,19,1,ACTAGGGGAAAAAACTGTGATTACAATTGGGACTTCGAACAC
GATGAGGCAGCTGTGC,1.61637996501242,-5.17913258343033,-5.13640413612715,-5.06778290140279,-2.31086770450159,-2.44942237324831,0.520164492806847,-1.06193861186977,-1.01929215316594,-4.41668574012531,-1.70966642086912,0.565745992273126,-3.76280145572674,-4.41555275875323,1.26353472851233,-2.81069532037835,-1.66794153148349,-1.531551804689,-2.19869380105157,1.85291873519272,-0.510714030406638,1,0,0,0,0,0,3,0,0,0,0,1,0,0,4,0,0,0,0,966,29,1,ACTAGGGGAAAAAACTGTGATTACAATTGGGACTTCGAACAC
GATGCTAAGCGTGAGT,-3.10117229302126,-5.17913258343033,-5.13640413612715,-5.06778290140279,-2.31086770450159,0.754664000445582,-1.40941106286402,-1.06193861186977,-1.01929215316594,-4.41668574012531,-1.70966642086912,-1.77374485640307,-3.76280145572674,-4.41555275875323,-2.2210685037252,-2.81069532037835,-1.66794153148349,-1.531551804689,-2.19869380105157,1.13789801041821,-0.779633139406567,0,0,0,0,0,1,0,0,0,0,0,0,0,0,0,0,0,0,0,186,11,1,ACTAGGGGAAAAAACTGTGATTACAATTGGGACTTCGAACAC
GCAAACTAGAATAGGG,-3.10117229302126,-5.17913258343033,-5.13640413612715,-5.06778290140279,1.09796518604807,-2.44942237324831,-1.40941106286402,-1.06193861186977,-1.01929215316594,-4.41668574012531,1.25041207607873,-1.77374485640307,-3.76280145572674,-4.41555275875323,-2.2210685037252,-2.81069532037835,-1.66794153148349,1.03688324932629,-2.19869380105157,-0.651044462478272,-0.873002967260752,0,0,0,0,2,0,0,0,0,0,1,0,0,0,0,0,0,2,0,5,8,1,ACTAGGGGAAAAAACTGTGATTACAATTGGGACTTCGAACAC
GCAATCATCATGGTCA,-3.10117229302126,-5.17913258343033,-5.13640413612715,-5.06778290140279,0.648320537541363,0.348379414412249,0.018196254972763,0.192816985605023,-1.01929215316594,-4.41668574012531,-1.70966642086912,-1.77374485640307,-3.76280145572674,-4.41555275875323,-2.2210685037252,0.553076391133161,-1.66794153148349,-1.531551804689,-2.19869380105157,1.51224250417367,-0.641757963800885,0,0,0,0,2,1,1,2,0,0,0,0,0,0,0,1,0,0,0,481,20,1,ACTAGGGGAAAAAACTGTGATTACAATTGGGACTTCGAACAC
GCACATAGTACAAGTA,-3.10117229302126,-5.17913258343033,-5.13640413612715,-5.06778290140279,0.913182702511442,0.177406923662529,-1.40941106286402,-0.132492080043443,-1.01929215316594,-4.41668574012531,-1.70966642086912,-1.77374485640307,-3.76280145572674,-4.41555275875323,0.637778250316305,1.43909288852755,-1.66794153148349,-1.531551804689,0.701884879259218,1.39861211447397,-0.610311350564712,0,0,0,0,3,1,0,1,0,0,0,0,0,0,2,3,0,0,2,430,24,1,ACTAGGGGAAAAAACTGTGATTACAATTGGGACTTCGAACAC
GCAGCCACACATGGGA,-3.10117229302126,-5.17913258343033,-5.13640413612715,-5.06778290140279,0.989742779086929,0.267375611260734,-0.0198255755744142,-1.06193861186977,-1.01929215316594,-4.41668574012531,-1.70966642086912,-1.77374485640307,-3.76280145572674,-4.41555275875323,0.243033534800914,1.08835943836743,-1.66794153148349,-1.531551804689,-2.19869380105157,1.47990648920361,-0.341291233622009,0,0,0,0,3,1,1,0,0,0,0,0,0,0,1,2,0,0,0,475,43,1,ACTAGGGGAAAAAACTGTGATTACAATTGGGACTTCGAACAC
GCAGTTATCTTCTGGC,-3.10117229302126,-5.17913258343033,-5.13640413612715,-5.06778290140279,-2.31086770450159,-2.44942237324831,0.277459750127734,0.14413122558595,-1.01929215316594,-4.41668574012531,-1.70966642086912,-1.77374485640307,-3.76280145572674,-4.41555275875323,-2.2210685037252,-2.81069532037835,-1.66794153148349,-1.531551804689,-2.19869380105157,-0.372000188793224,-0.565540877929608,0,0,0,0,0,0,1,1,0,0,0,0,0,0,0,0,0,0,0,9,17,1,ACTAGGGGAAAAAACTGTGATTACAATTGGGACTTCGAACAC
GCATGTAAGACGCAAC,-3.10117229302126,-5.17913258343033,-5.13640413612715,-5.06778290140279,-2.31086770450159,-2.44942237324831,-1.40941106286402,0.144817235868989,-1.01929215316594,-4.41668574012531,-1.70966642086912,-1.77374485640307,-3.76280145572674,-4.41555275875323,-2.2210685037252,-2.81069532037835,-1.66794153148349,-1.531551804689,0.737005762733451,-0.490008928348355,-0.477861578168992,0,0,0,0,0,0,0,1,0,0,0,0,0,0,0,0,0,0,1,7,21,1,ACTAGGGGAAAAAACTGTGATTACAATTGGGACTTCGAACAC
GCGACCAGTTTCCACC,-3.10117229302126,-5.17913258343033,-5.13640413612715,-5.06778290140279,-2.31086770450159,-2.44942237324831,0.0667567144342808,-1.06193861186977,0.331159012683464,-4.41668574012531,-1.70966642086912,-1.77374485640307,-3.76280145572674,-4.41555275875323,-2.2210685037252,0.645581458546575,0.290507663962359,-1.531551804689,0.388831437884181,1.08026077890229,-0.445667266343468,0,0,0,0,0,0,1,0,1,0,0,0,0,0,0,1,1,0,1,200,30,1,ACTAGGGGAAAAAACTGTGATTACAATTGGGACTTCGAACAC
GCGCGATAGATATGCA,-3.10117229302126,-5.17913258343033,-5.13640413612715,-5.06778290140279,0.240849190959096,0.549198193443631,0.657822494894351,-1.06193861186977,-1.01929215316594,-4.41668574012531,-1.70966642086912,-1.77374485640307,-3.76280145572674,-4.41555275875323,-2.2210685037252,-2.81069532037835,-1.66794153148349,-1.531551804689,0.464048274055422,0.814409923175782,-0.707875767404359,0,0,0,0,1,1,3,0,0,0,0,0,0,0,0,0,0,0,1,114,15,1,ACTAGGGGAAAAAACTGTGATTACAATTGGGACTTCGAACAC
GCTCTGTTCCACTCCA,-3.10117229302126,-5.17913258343033,-5.13640413612715,-5.06778290140279,1.04138481408217,0.328062150789487,0.0086596712002451,-0.0748762981747116,-1.01929215316594,-4.41668574012531,0.741518819266121,0.629920663642655,-3.76280145572674,-4.41555275875323,-2.2210685037252,-2.81069532037835,-1.66794153148349,-1.531551804689,0.29321160546026,0.896022332043667,-0.588991268955597,0,0,0,0,3,1,1,1,0,0,1,1,0,0,0,0,0,0,1,152,23,1,ACTAGGGGAAAAAACTGTGATTACAATTGGGACTTCGAACAC
GGAAAGCAGGACAGCT,-3.10117229302126,-5.17913258343033,-5.13640413612715,-5.06778290140279,0.429175732266882,-2.44942237324831,0.216336329284807,0.0943303137112124,-1.01929215316594,-4.41668574012531,-1.70966642086912,-1.77374485640307,-3.76280145572674,-4.41555275875323,-2.2210685037252,-2.81069532037835,-1.66794153148349,-1.531551804689,-2.19869380105157,0.0293214547438811,-0.553513382234202,0,0,0,0,1,0,1,1,0,0,0,0,0,0,0,0,0,0,0,22,19,1,ACTAGGGGAAAAAACTGTGATTACAATTGGGACTTCGAACAC
GGACAGATCTAGAGTC,-3.10117229302126,-5.17913258343033,-5.13640413612715,-5.06778290140279,0.365418615339651,-2.44942237324831,-1.40941106286402,-1.06193861186977,-1.01929215316594,-4.41668574012531,-1.70966642086912,-1.77374485640307,-3.76280145572674,-4.41555275875323,-2.2210685037252,-2.81069532037835,1.00267778787385,-1.531551804689,-2.19869380105157,0.77581250185068,-0.79495126430084,0,0,0,0,1,0,0,0,0,0,0,0,0,0,0,0,3,0,0,97,11,1,ACTAGGGGAAAAAACTGTGATTACAATTGGGACTTCGAACAC
GGCCGATCACGACGAA,-3.10117229302126,-5.17913258343033,-5.13640413612715,-5.06778290140279,-2.31086770450159,0.465989631078738,-1.40941106286402,-1.06193861186977,-1.01929215316594,-4.41668574012531,-1.70966642086912,0.752622043851943,-3.76280145572674,-4.41555275875323,-2.2210685037252,-2.81069532037835,-1.66794153148349,0.408067739073418,0.399766244665743,1.56581208749773,-0.611263997407377,0,0,0,0,0,1,0,0,0,0,0,1,0,0,0,0,0,1,1,496,20,1,ACTAGGGGAAAAAACTGTGATTACAATTGGGACTTCGAACAC
GGTGTTAGTGTGAAAT,-3.10117229302126,-5.17913258343033,-5.13640413612715,-5.06778290140279,0.906757541121933,0.849510484031393,-0.0655994298058451,-1.06193861186977,0.183398788154427,-4.41668574012531,-1.70966642086912,0.489179635148809,-3.76280145572674,-4.41555275875323,-2.2210685037252,-2.81069532037835,0.736313935744298,-1.531551804689,0.170991223855823,0.95815699771763,-0.337909761083044,0,0,0,0,3,2,1,0,1,0,0,1,0,0,0,0,3,0,1,188,46,1,ACTAGGGGAAAAAACTGTGATTACAATTGGGACTTCGAACAC
GTAACGTCAAACTGCT,0.919929497583015,-5.17913258343033,-5.13640413612715,-5.06778290140279,-2.31086770450159,-0.143465269027841,-1.40941106286402,-0.255204730738335,4.96547867980908,-4.41668574012531,0.30420901191299,-1.77374485640307,-3.76280145572674,-4.41555275875323,-0.0319898701305222,-2.81069532037835,-1.66794153148349,-1.531551804689,-2.19869380105157,1.56735302514836,-0.660058752196648,1,0,0,0,0,1,0,1,557,0,1,0,0,0,1,0,0,0,0,716,26,1,ACTAGGGGAAAAAACTGTGATTACAATTGGGACTTCGAACAC
GTAACTGCAGTCAGCC,-3.10117229302126,-5.17913258343033,-5.13640413612715,-5.06778290140279,-2.31086770450159,-2.44942237324831,0.164335743506979,-1.06193861186977,-1.01929215316594,-4.41668574012531,-1.70966642086912,0.92496881574101,-3.76280145572674,-4.41555275875323,0.505677126056027,-2.81069532037835,-1.66794153148349,-1.531551804689,-2.19869380105157,0.758993532750742,-0.604530445650624,0,0,0,0,0,0,1,0,0,0,0,1,0,0,1,0,0,0,0,96,18,1,ACTAGGGGAAAAAACTGTGATTACAATTGGGACTTCGAACAC
GTAGTCATCACAACGT,-3.10117229302126,-5.17913258343033,-5.13640413612715,-5.06778290140279,-2.31086770450159,-2.44942237324831,-1.40941106286402,0.298578478739185,-1.01929215316594,-4.41668574012531,-1.70966642086912,-1.77374485640307,-3.76280145572674,-4.41555275875323,-2.2210685037252,-2.81069532037835,-1.66794153148349,0.499721199304252,0.522552105030704,0.764148547706187,-0.613552284512874,0,0,0,0,0,0,0,2,0,0,0,0,0,0,0,0,0,1,1,99,18,1,ACTAGGGGAAAAAACTGTGATTACAATTGGGACTTCGAACAC
GTCACGGTCAAGGTAA,-3.10117229302126,-5.17913258343033,-5.13640413612715,-5.06778290140279,0.638167033349987,-2.44942237324831,-1.40941106286402,-0.0716693958071507,-1.01929215316594,-4.41668574012531,-1.70966642086912,-1.77374485640307,-3.76280145572674,-4.41555275875323,0.289271447963249,0.542407597178093,-1.66794153148349,0.333365669929658,-2.19869380105157,1.66980904041456,-0.535626975938363,0,0,0,0,2,0,0,1,0,0,0,0,0,0,1,1,0,1,0,652,26,1,ACTAGGGGAAAAAACTGTGATTACAATTGGGACTTCGAACAC
GTCATTTTCAGCTCGG,2.79817984904044,-5.17913258343033,-5.13640413612715,-5.06778290140279,-0.0103625112478562,-2.44942237324831,-0.0261087125221396,-0.103204182803994,-1.01929215316594,-4.41668574012531,0.672821600564447,-1.77374485640307,-3.76280145572674,-4.41555275875323,0.234072773330864,-2.81069532037835,-1.66794153148349,-1.531551804689,-2.19869380105157,1.67141347222887,-0.431976143408298,2,0,0,0,1,0,1,1,0,0,1,0,0,0,1,0,0,0,0,687,35,1,ACTAGGGGAAAAAACTGTGATTACAATTGGGACTTCGAACAC
GTGCAGCAGCATGGCA,-3.10117229302126,-5.17913258343033,-5.13640413612715,-5.06778290140279,-2.31086770450159,-2.44942237324831,-1.40941106286402,-1.06193861186977,-1.01929215316594,-4.41668574012531,-1.70966642086912,-1.77374485640307,-3.76280145572674,-4.41555275875323,-2.2210685037252,-2.81069532037835,-1.66794153148349,0.460691012216755,-2.19869380105157,1.71139079947997,-0.276125624436273,0,0,0,0,0,0,0,0,0,0,0,0,0,0,0,0,0,1,0,618,42,1,ACTAGGGGAAAAAACTGTGATTACAATTGGGACTTCGAACAC
GTGCGGTGTTCTGTTT,-3.10117229302126,-5.17913258343033,-5.13640413612715,-5.06778290140279,0.988645014229187,1.42796179740495,-1.40941106286402,-1.06193861186977,0.486514088839947,-4.41668574012531,-1.70966642086912,-1.77374485640307,-3.76280145572674,-4.41555275875323,-2.2210685037252,-2.81069532037835,-1.66794153148349,-1.531551804689,-2.19869380105157,-0.204858069016117,-0.60506054720122,0,0,0,0,2,2,0,0,1,0,0,0,0,0,0,0,0,0,0,14,17,1,ACTAGGGGAAAAAACTGTGATTACAATTGGGACTTCGAACAC
GTGGGTCGTGATGTGG,-3.10117229302126,-5.17913258343033,-5.13640413612715,-5.06778290140279,-2.31086770450159,1.29108552133965,-1.40941106286402,-1.06193861186977,0.414789308176419,-4.41668574012531,-1.70966642086912,-1.77374485640307,-3.76280145572674,-4.41555275875323,0.473350011227059,-2.81069532037835,-1.66794153148349,-1.531551804689,-2.19869380105157,1.24678261655825,-0.941800975381662,0,0,0,0,0,2,0,0,1,0,0,0,0,0,1,0,0,0,0,249,8,1,ACTAGGGGAAAAAACTGTGATTACAATTGGGACTTCGAACAC
GTTCTCGCAAGCGTAG,-3.10117229302126,-5.17913258343033,1.78111410595037,-5.06778290140279,1.46002977618639,1.30225012848118,-1.40941106286402,0.113268471997287,-1.01929215316594,-4.41668574012531,0.567450669559575,-1.77374485640307,-3.76280145572674,-4.41555275875323,0.158016585044651,-2.81069532037835,-1.66794153148349,-1.531551804689,1.94340885806348,0.733348314537369,-0.787527406742918,0,0,1,0,5,3,0,2,0,0,1,0,0,0,1,0,0,0,7,125,16,1,ACTAGGGGAAAAAACTGTGATTACAATTGGGACTTCGAACAC
GTTTCTATCTATCGCC,-3.10117229302126,-5.17913258343033,2.35882906188743,-5.06778290140279,-2.31086770450159,-2.44942237324831,-1.40941106286402,-1.06193861186977,-1.01929215316594,-4.41668574012531,1.47305423697729,-1.77374485640307,-3.76280145572674,-4.41555275875323,0.356705332819664,-2.81069532037835,-1.66794153148349,-1.531551804689,-2.19869380105157,1.69436901058773,-0.449466297201151,0,0,1,0,0,0,0,0,0,0,2,0,0,0,1,0,0,0,0,643,30,1,ACTAGGGGAAAAAACTGTGATTACAATTGGGACTTCGAACAC
TACCTTACAAGGTTTC,-3.10117229302126,-5.17913258343033,-5.13640413612715,-5.06778290140279,-2.31086770450159,-2.44942237324831,-1.40941106286402,0.289372837749377,-1.01929215316594,-4.41668574012531,-1.70966642086912,-1.77374485640307,-3.76280145572674,-4.41555275875323,-2.2210685037252,-2.81069532037835,-1.66794153148349,-1.531551804689,-2.19869380105157,1.50760373946331,-0.500519476368256,0,0,0,0,0,0,0,2,0,0,0,0,0,0,0,0,0,0,0,410,24,1,ACTAGGGGAAAAAACTGTGATTACAATTGGGACTTCGAACAC
TACGGATGTGTAAGTA,1.12890099819165,-5.17913258343033,-5.13640413612715,-5.06778290140279,-0.24660472906635,1.81790258911458,-0.156417633806369,0.0505485921271574,0.0820108375497653,-4.41668574012531,-1.70966642086912,-1.77374485640307,-3.76280145572674,-4.41555275875323,0.503202525122131,0.220446310364831,-1.66794153148349,-1.531551804689,0.919113868815202,0.924216725840521,-0.3119302310432,1,0,0,0,1,5,1,2,1,0,0,0,0,0,2,1,0,0,3,198,55,1,ACTAGGGGAAAAAACTGTGATTACAATTGGGACTTCGAACAC
TACTTGTCACCGTTGG,-3.10117229302126,-5.17913258343033,-5.13640413612715,-5.06778290140279,0.142273343201893,1.59523413904039,-1.40941106286402,-1.06193861186977,-1.01929215316594,-4.41668574012531,-1.70966642086912,0.723592621346489,-3.76280145572674,-4.41555275875323,-2.2210685037252,-2.81069532037835,-1.66794153148349,-1.531551804689,-2.19869380105157,1.88499712494717,-0.711562538850846,0,0,0,0,1,3,0,0,0,0,0,1,0,0,0,0,0,0,0,923,16,1,ACTAGGGGAAAAAACTGTGATTACAATTGGGACTTCGAACAC
TAGACCAGTTCCACAA,-3.10117229302126,-5.17913258343033,-5.13640413612715,-5.06778290140279,-2.31086770450159,0.372267735750703,0.0294090335171028,-1.06193861186977,-1.01929215316594,-4.41668574012531,-1.70966642086912,-1.77374485640307,-3.76280145572674,-4.41555275875323,0.313249987475879,-2.81069532037835,0.594545736652421,-1.531551804689,0.327362234084314,1.50528646055298,-0.577529648864927,0,0,0,0,0,1,1,0,0,0,0,0,0,0,1,0,2,0,1,468,23,1,ACTAGGGGAAAAAACTGTGATTACAATTGGGACTTCGAACAC
TCAACGATCCCTTGTG,-3.10117229302126,-5.17913258343033,-5.13640413612715,-5.06778290140279,0.961120739530341,-2.44942237324831,-0.0356132156245897,-0.110948070742378,0.216874904927364,-4.41668574012531,-1.70966642086912,0.54601160008413,-3.76280145572674,-4.41555275875323,0.675489009542477,-2.81069532037835,-1.66794153148349,-1.531551804689,-2.19869380105157,1.74381061498566,-0.692686332307106,0,0,0,0,3,0,1,1,1,0,0,1,0,0,2,0,0,0,0,797,19,1,ACTAGGGGAAAAAACTGTGATTACAATTGGGACTTCGAACAC
TCAATCTAGCCAGTTT,-3.10117229302126,-5.17913258343033,-5.13640413612715,-5.06778290140279,-2.31086770450159,-2.44942237324831,-1.40941106286402,-1.06193861186977,-1.01929215316594,-4.41668574012531,-1.70966642086912,-1.77374485640307,-3.76280145572674,-4.41555275875323,-2.2210685037252,-2.81069532037835,-1.66794153148349,-1.531551804689,-2.19869380105157,1.01622130534631,-0.878373780736554,0,0,0,0,0,0,0,0,0,0,0,0,0,0,0,0,0,0,0,139,8,1,ACTAGGGGAAAAAACTGTGATTACAATTGGGACTTCGAACAC
TCACAAGGTCAATGTC,1.74482128676503,-5.17913258343033,-5.13640413612715,-5.06778290140279,-2.31086770450159,-2.44942237324831,-1.40941106286402,-0.0742956390117909,-1.01929215316594,-4.41668574012531,-1.70966642086912,-1.77374485640307,-3.76280145572674,-4.41555275875323,0.284674456578054,1.1439799116849,0.228566389571439,-1.531551804689,-2.19869380105157,2.02569627965448,-0.79286754616828,1,0,0,0,0,0,0,1,0,0,0,0,0,0,1,2,1,0,0,1280,14,1,ACTAGGGGAAAAAACTGTGATTACAATTGGGACTTCGAACAC
TCACAAGGTGTGCCTG,-3.10117229302126,-5.17913258343033,-5.13640413612715,-5.06778290140279,0.0430253852989417,1.47860405037367,-1.40941106286402,-1.06193861186977,0.260361115188176,-4.41668574012531,-1.70966642086912,1.22446317036161,-3.76280145572674,-4.41555275875323,-2.2210685037252,0.524775136660156,-1.66794153148349,-1.531551804689,-2.19869380105157,1.53533118220601,-0.62974635220717,0,0,0,0,1,3,0,0,1,0,0,2,0,0,0,1,0,0,0,512,21,1,ACTAGGGGAAAAAACTGTGATTACAATTGGGACTTCGAACAC
TCACAAGGTTCGTCTC,-3.10117229302126,-5.17913258343033,-5.13640413612715,-5.06778290140279,-0.134572275602916,-2.44942237324831,-0.0946216165895729,-0.159025749245974,0.150998895727014,-4.41668574012531,-1.70966642086912,1.03880036293914,-3.76280145572674,-4.41555275875323,-2.2210685037252,0.33816440450787,-1.66794153148349,-1.531551804689,1.02082170938348,2.09828217781388,-0.664539206698552,0,0,0,0,1,0,1,1,1,0,0,2,0,0,0,1,0,0,3,1675,22,1,ACTAGGGGAAAAAACTGTGATTACAATTGGGACTTCGAACAC
TCACGAAGTGTTGGGA,-3.10117229302126,-5.17913258343033,-5.13640413612715,-5.06778290140279,-2.31086770450159,0.704175656772184,-1.40941106286402,-1.06193861186977,-1.01929215316594,-4.41668574012531,1.09033867137127,-1.77374485640307,-3.76280145572674,-4.41555275875323,-2.2210685037252,-2.81069532037835,-1.66794153148349,-1.531551804689,0.58377472490716,0.568468767820602,-0.667693224659002,0,0,0,0,0,1,0,0,0,0,1,0,0,0,0,0,0,0,1,65,15,1,ACTAGGGGAAAAAACTGTGATTACAATTGGGACTTCGAACAC
TCAGCTCGTCTGGAGA,4.04929342816505,-5.17913258343033,-5.13640413612715,-5.06778290140279,0.189823604363329,-2.44942237324831,-1.40941106286402,-1.06193861186977,-1.01929215316594,-4.41668574012531,-1.70966642086912,-1.77374485640307,-3.76280145572674,-4.41555275875323,-2.2210685037252,-2.81069532037835,-1.66794153148349,-1.531551804689,-2.19869380105157,1.96555634712315,-0.751472058428556,3,0,0,0,1,0,0,0,0,0,0,0,0,0,0,0,0,0,0,1039,14,1,ACTAGGGGAAAAAACTGTGATTACAATTGGGACTTCGAACAC
TCCCGATCAACGATCT,-3.10117229302126,-5.17913258343033,-5.13640413612715,-5.06778290140279,1.33237626266333,0.670017382578394,-1.40941106286402,-1.06193861186977,-1.01929215316594,-4.41668574012531,-1.70966642086912,-1.77374485640307,-3.76280145572674,-4.41555275875323,-2.2210685037252,-2.81069532037835,-1.66794153148349,-1.531551804689,-2.19869380105157,0.666466759073525,-0.579568567012615,0,0,0,0,3,1,0,0,0,0,0,0,0,0,0,0,0,0,0,80,19,1,ACTAGGGGAAAAAACTGTGATTACAATTGGGACTTCGAACAC
TCGCGTTGTGAAGGCT,-3.10117229302126,-5.17913258343033,-5.13640413612715,-5.06778290140279,-2.31086770450159,-2.44942237324831,-1.40941106286402,0.180323778584566,-1.01929215316594,-4.41668574012531,-1.70966642086912,-1.77374485640307,-3.76280145572674,-4.41555275875323,-2.2210685037252,-2.81069532037835,-1.66794153148349,-1.531551804689,-2.19869380105157,-0.341998537104642,-0.755040304124279,0,0,0,0,0,0,0,1,0,0,0,0,0,0,0,0,0,0,0,9,10,1,ACTAGGGGAAAAAACTGTGATTACAATTGGGACTTCGAACAC
TCGTAGAAGTGGACGT,-3.10117229302126,-5.17913258343033,-5.13640413612715,-5.06778290140279,-2.31086770450159,1.19917881639004,-1.40941106286402,-0.0016543425964718,-1.01929215316594,-4.41668574012531,-1.70966642086912,-1.77374485640307,-3.76280145572674,-4.41555275875323,-2.2210685037252,-2.81069532037835,-1.66794153148349,-1.531551804689,-2.19869380105157,2.04496544388723,-0.840600009618541,0,0,0,0,0,2,0,1,0,0,0,0,0,0,0,0,0,0,0,1185,11,1,ACTAGGGGAAAAAACTGTGATTACAATTGGGACTTCGAACAC
TCTGAGATCTCCCTGA,1.75158198319778,-5.17913258343033,-5.13640413612715,-5.06778290140279,-2.31086770450159,-2.44942237324831,-1.40941106286402,-1.06193861186977,0.269127649193285,-4.41668574012531,-1.70966642086912,0.634720399555637,-3.76280145572674,-4.41555275875323,1.06504816670005,-2.81069532037835,-1.66794153148349,-1.531551804689,-2.19869380105157,2.18228138382324,-0.763812997763115,1,0,0,0,0,0,0,0,1,0,0,1,0,0,3,0,0,0,0,1715,15,1,ACTAGGGGAAAAAACTGTGATTACAATTGGGACTTCGAACAC
TCTTTCCAGATGTCGG,-3.10117229302126,-5.17913258343033,-5.13640413612715,-5.06778290140279,0.665457109126511,1.04817127249564,-1.40941106286402,-1.06193861186977,0.287499380957257,-4.41668574012531,-1.70966642086912,-1.77374485640307,-3.76280145572674,-4.41555275875323,1.33890644252933,-2.81069532037835,-1.66794153148349,-1.531551804689,0.324464836182333,1.24126362132376,-0.917569555808631,0,0,0,0,2,2,0,0,1,0,0,0,0,0,4,0,0,0,1,285,10,1,ACTAGGGGAAAAAACTGTGATTACAATTGGGACTTCGAACAC
TGACTAGTCGGGAGTA,-3.10117229302126,-5.17913258343033,-5.13640413612715,-5.06778290140279,0.322628371639082,-2.44942237324831,-1.40941106286402,0.0464464730052539,-1.01929215316594,-4.41668574012531,-1.70966642086912,0.912138015144843,-3.76280145572674,-4.41555275875323,0.496022151944538,0.81856795874993,-1.66794153148349,-1.531551804689,-2.19869380105157,0.01224433684785,-0.525234840070493,0,0,0,0,1,0,0,1,0,0,0,1,0,0,1,1,0,0,0,23,22,1,ACTAGGGGAAAAAACTGTGATTACAATTGGGACTTCGAACAC
TGCACCTTCTTTAGGG,-3.10117229302126,-5.17913258343033,-5.13640413612715,-5.06778290140279,0.0079317779385928,1.43736420398736,-0.0160177596367435,-1.06193861186977,0.238750949996039,-4.41668574012531,-1.70966642086912,-1.77374485640307,-3.76280145572674,-4.41555275875323,0.248464091324384,-2.81069532037835,-1.66794153148349,0.298212497162798,-2.19869380105157,1.64393335780381,-0.640439015867026,0,0,0,0,1,3,1,0,1,0,0,0,0,0,1,0,0,1,0,644,21,1,ACTAGGGGAAAAAACTGTGATTACAATTGGGACTTCGAACAC
TGCCCTATCGTAGGTT,-3.10117229302126,-5.17913258343033,-5.13640413612715,-5.06778290140279,1.2744655872976,-2.44942237324831,-1.40941106286402,-1.06193861186977,0.409828392234185,-4.41668574012531,-1.70966642086912,-1.77374485640307,-3.76280145572674,-4.41555275875323,-2.2210685037252,-2.81069532037835,-1.66794153148349,-1.531551804689,-2.19869380105157,1.09794694041265,-0.597213358203287,0,0,0,0,3,0,0,0,1,0,0,0,0,0,0,0,0,0,0,189,19,1,ACTAGGGGAAAAAACTGTGATTACAATTGGGACTTCGAACAC
TGCGGGTTCAAACGGG,-3.10117229302126,-5.17913258343033,-5.13640413612715,-5.06778290140279,0.425686126784432,-2.44942237324831,-1.40941106286402,-1.06193861186977,-1.01929215316594,-4.41668574012531,-1.70966642086912,-1.77374485640307,-3.76280145572674,-4.41555275875323,-2.2210685037252,-2.81069532037835,-1.66794153148349,-1.531551804689,-2.19869380105157,1.02090784901462,-0.741800723573684,0,0,0,0,1,0,0,0,0,0,0,0,0,0,0,0,0,0,0,148,12,1,ACTAGGGGAAAAAACTGTGATTACAATTGGGACTTCGAACAC
TGGACGCGTTCCCGAG,-3.10117229302126,-5.17913258343033,-5.13640413612715,-5.06778290140279,0.335941675034482,-2.44942237324831,-1.40941106286402,0.0524296535861636,-1.01929215316594,-4.41668574012531,-1.70966642086912,-1.77374485640307,-3.76280145572674,-4.41555275875323,0.506495146044212,-2.81069532037835,-1.66794153148349,-1.531551804689,-2.19869380105157,1.04167636840622,-0.841748910685066,0,0,0,0,1,0,0,1,0,0,0,0,0,0,1,0,0,0,0,164,10,1,ACTAGGGGAAAAAACTGTGATTACAATTGGGACTTCGAACAC
TGGCCAGGTAATTGGA,-3.10117229302126,-5.17913258343033,-5.13640413612715,-5.06778290140279,-2.31086770450159,-2.44942237324831,-1.40941106286402,-1.06193861186977,0.573456365888923,-4.41668574012531,-1.70966642086912,-1.77374485640307,-3.76280145572674,-4.41555275875323,-2.2210685037252,-2.81069532037835,-1.66794153148349,-1.531551804689,-2.19869380105157,-0.117964134517373,-0.538543346700589,0,0,0,0,0,0,0,0,1,0,0,0,0,0,0,0,0,0,0,15,18,1,ACTAGGGGAAAAAACTGTGATTACAATTGGGACTTCGAACAC
TGTATTCGTAATAGCA,-3.10117229302126,-5.17913258343033,-5.13640413612715,-5.06778290140279,-2.31086770450159,1.04893608787788,0.0280076135824367,-1.06193861186977,-1.01929215316594,-4.41668574012531,-1.70966642086912,1.27121583449733,-3.76280145572674,-4.41555275875323,-2.2210685037252,-2.81069532037835,-1.66794153148349,-1.531551804689,0.325055687453903,1.39251766306674,-0.345560287132553,0,0,0,0,0,2,1,0,0,0,0,2,0,0,0,0,0,0,1,379,40,1,ACTAGGGGAAAAAACTGTGATTACAATTGGGACTTCGAACAC
TTCGGTCGTCATGCCG,-3.10117229302126,-5.17913258343033,-5.13640413612715,-5.06778290140279,0.790971216632603,0.516013708379776,-1.40941106286402,-0.0029971065228696,-1.01929215316594,-4.41668574012531,-1.70966642086912,-1.77374485640307,-3.76280145572674,-4.41555275875323,0.409475822669933,-2.81069532037835,-1.66794153148349,0.436914772332731,-2.19869380105157,0.919687511822898,-0.806722719997445,0,0,0,0,2,1,0,1,0,0,0,0,0,0,1,0,0,1,0,142,12,1,ACTAGGGGAAAAAACTGTGATTACAATTGGGACTTCGAACAC
TTCTACAGTCATATCG,-3.10117229302126,-5.17913258343033,-5.13640413612715,-5.06778290140279,1.0547752104883,0.343797720096177,-1.40941106286402,-1.06193861186977,-1.01929215316594,-4.41668574012531,-1.70966642086912,-1.77374485640307,-3.76280145572674,-4.41555275875323,0.29419170720382,1.58787120827941,-1.66794153148349,-1.531551804689,0.305367978553214,1.31746124783989,-0.709941879913548,0,0,0,0,3,1,0,0,0,0,0,0,0,0,1,3,0,0,1,334,17,1,ACTAGGGGAAAAAACTGTGATTACAATTGGGACTTCGAACAC
TTCTCAAAGAACTGTA,-1.85651771792659,-0.478778885163946,-1.87042969722244,3.02890556692822,-1.70348003537747,-1.05600377164119,3.36995475459732,1.83606849248425,-0.206276304729114,-4.41668574012531,0.252017095195803,5.42760312315332,-1.40325038438622,2.49784643379797,-0.320050433550241,-2.81069532037835,-0.817801267849688,-1.531551804689,-2.19869380105157,0.719591664497626,-1.20331180824151,1,2,1,8,1,2,490,134,3,0,4,170,1,8,3,0,1,0,0,375,19,1,ACTAGGGGAAAAAACTGTGATTACAATTGGGACTTCGAACAC
TTTGTCAGTGGTCTCG,-3.10117229302126,-5.17913258343033,-5.13640413612715,-5.06778290140279,-2.31086770450159,-2.44942237324831,-1.40941106286402,0.0154032149629565,-1.01929215316594,-4.41668574012531,-1.70966642086912,0.839926129597813,-3.76280145572674,-4.41555275875323,-2.2210685037252,-2.81069532037835,-1.66794153148349,-1.531551804689,-2.19869380105157,1.50873460673417,-0.445537169410214,0,0,0,0,0,0,0,1,0,0,0,1,0,0,0,0,0,0,0,420,28,1,ACTAGGGGAAAAAACTGTGATTACAATTGGGACTTCGAACAC
TTTGTCATCAAAGACA,-3.10117229302126,-5.17913258343033,-5.13640413612715,-5.06778290140279,0.587070444383022,-2.44942237324831,-1.40941106286402,-1.06193861186977,-1.01929215316594,-4.41668574012531,-1.70966642086912,-1.77374485640307,-3.76280145572674,-4.41555275875323,-2.2210685037252,1.09643045173561,-1.66794153148349,-1.531551804689,-2.19869380105157,-0.354460423956845,-0.852446744253197,0,0,0,0,1,0,0,0,0,0,0,0,0,0,0,1,0,0,0,9,8,1,ACTAGGGGAAAAAACTGTGATTACAATTGGGACTTCGAACAC
